row_type,seed,agent,red,episodes,steps,mean_reward,std_reward
seed,42,Sleep,FiniteStateRedAgent,30,100,-107.53333333333332,69.29922237819284
seed,42,Random,FiniteStateRedAgent,30,100,-468.3666666666667,131.56835570235808
seed,42,RuleBased,FiniteStateRedAgent,30,100,-107.53333333333332,69.29922237819284
seed,101,Sleep,FiniteStateRedAgent,30,100,-101.5,56.13540178295096
seed,101,Random,FiniteStateRedAgent,30,100,-538.7666666666667,139.6723984504057
seed,101,RuleBased,FiniteStateRedAgent,30,100,-101.5,56.13540178295096
seed,777,Sleep,FiniteStateRedAgent,30,100,-109.63333333333334,80.93309308036827
seed,777,Random,FiniteStateRedAgent,30,100,-511.26666666666665,108.8931994611642
seed,777,RuleBased,FiniteStateRedAgent,30,100,-109.63333333333334,80.93309308036827
summary,all,Random,FiniteStateRedAgent,30,100,-506.1333333333334,35.47961856239907
summary,all,RuleBased,FiniteStateRedAgent,30,100,-106.22222222222221,4.22220760231387
summary,all,Sleep,FiniteStateRedAgent,30,100,-106.22222222222221,4.22220760231387
