algo,seed,episode,episode_seed,env_steps,return,wall_time_s,policy_loss,value_loss,entropy
mappo,42,1,4200000,99,-3190.0,1.7395243749997462,,,
mappo,42,2,4200001,198,-3120.0,3.220028749999983,,,
mappo,42,3,4200002,297,-2085.0,4.3819593749994965,,,
mappo,42,4,4200003,396,-1260.0,6.077586332999999,-0.01043273350223899,51.773975944519044,4.28619863986969
mappo,42,5,4200004,495,-2560.0,7.445678125000995,,,
mappo,42,6,4200005,594,-4160.0,9.069828792000408,,,
mappo,42,7,4200006,693,-2795.0,10.140920833000564,,,
mappo,42,8,4200007,792,-2415.0,11.325696542000514,-0.005309099779697135,65.36890983581543,4.2358863830566404
mappo,42,9,4200008,891,-2520.0,13.109407500000088,,,
mappo,42,10,4200009,990,-2185.0,14.54298879199996,,,
mappo,42,11,4200010,1089,-4735.0,16.031307792000007,,,
mappo,42,12,4200011,1188,-2920.0,17.480554792000476,-0.005661559174768627,69.55066566467285,4.2728787660598755
mappo,42,13,4200012,1287,-2470.0,19.168590792000032,,,
mappo,42,14,4200013,1386,-2305.0,20.4273113750005,,,
mappo,42,15,4200014,1485,-3565.0,21.831970999999612,,,
mappo,42,16,4200015,1584,-2235.0,23.226276125000368,-0.0079373012544238,45.35423030853271,4.268021082878112
mappo,42,17,4200016,1683,-2570.0,24.515627582999514,,,
mappo,42,18,4200017,1782,-1565.0,25.857513000000836,,,
mappo,42,19,4200018,1881,-3475.0,27.075255333000314,,,
mappo,42,20,4200019,1980,-1940.0,28.322015542000372,-0.007814429560676217,34.05709400177002,4.223039531707764
mappo,42,21,4200020,2079,-1925.0,29.6297899580004,,,
mappo,42,22,4200021,2178,-1520.0,31.023362875001112,,,
mappo,42,23,4200022,2277,-2480.0,32.15475725000033,,,
mappo,42,24,4200023,2376,-2595.0,33.4798463749994,-0.007536232270649634,24.996779918670654,4.202258634567261
mappo,42,25,4200024,2475,-3475.0,34.93508225000005,,,
mappo,42,26,4200025,2574,-2635.0,36.1811932920009,,,
mappo,42,27,4200026,2673,-2035.0,37.23105025000041,,,
mappo,42,28,4200027,2772,-2370.0,38.55308216699996,-0.00667698651086539,40.430834197998045,4.185522484779358
mappo,42,29,4200028,2871,-3730.0,40.16882570800044,,,
mappo,42,30,4200029,2970,-2155.0,41.57589020799969,,,
mappo,42,31,4200030,3069,-2725.0,42.783699625000736,,,
mappo,42,32,4200031,3168,-2560.0,44.01117949999934,-0.007864033011719585,45.182867240905765,4.222224187850952
mappo,42,33,4200032,3267,-2640.0,45.15587529200093,,,
mappo,42,34,4200033,3366,-2145.0,46.83222766700055,,,
mappo,42,35,4200034,3465,-2015.0,47.90050904199961,,,
mappo,42,36,4200035,3564,-3420.0,49.23126004200094,-0.010568889090791345,32.55364360809326,4.179393172264099
mappo,42,37,4200036,3663,-2170.0,50.61263875000077,,,
mappo,42,38,4200037,3762,-1845.0,51.910408916999586,,,
mappo,42,39,4200038,3861,-3580.0,53.31660270800057,,,
mappo,42,40,4200039,3960,-3935.0,54.65420112500033,-0.00921852605533786,51.55078239440918,4.196664881706238
mappo,42,41,4200040,4059,-1315.0,56.1531654169994,,,
mappo,42,42,4200041,4158,-1605.0,57.66436945799978,,,
mappo,42,43,4200042,4257,-2240.0,58.97141954200015,,,
mappo,42,44,4200043,4356,-2055.0,60.243428207999386,-0.007323959708446637,17.582271528244018,4.215117740631103
mappo,42,45,4200044,4455,-1860.0,61.57479287500064,,,
mappo,42,46,4200045,4554,-2190.0,62.818181042001015,,,
mappo,42,47,4200046,4653,-3495.0,64.37880066700018,,,
mappo,42,48,4200047,4752,-3580.0,65.90384979200098,-0.009742065728642047,42.111872863769534,4.2234591245651245
mappo,42,49,4200048,4851,-2235.0,67.33191550000083,,,
mappo,42,50,4200049,4950,-2335.0,68.80349475000003,,,
mappo,42,51,4200050,5049,-3465.0,70.08405783300077,,,
mappo,42,52,4200051,5148,-2090.0,71.51998320799976,-0.009464193065650762,28.42087240219116,4.28670346736908
mappo,42,53,4200052,5247,-3170.0,72.82315845800076,,,
mappo,42,54,4200053,5346,-2355.0,73.80952324999998,,,
mappo,42,55,4200054,5445,-2085.0,75.1183679170008,,,
mappo,42,56,4200055,5544,-1785.0,76.29075899999953,-0.011006744112819433,26.892647171020506,4.116606116294861
mappo,42,57,4200056,5643,-2165.0,77.7694591670006,,,
mappo,42,58,4200057,5742,-2485.0,79.2491206249997,,,
mappo,42,59,4200058,5841,-1655.0,80.89444791700043,,,
mappo,42,60,4200059,5940,-2690.0,82.45907637500022,-0.010251070465892553,26.27986059188843,4.258495330810547
mappo,42,61,4200060,6039,-3125.0,84.11682254200059,,,
mappo,42,62,4200061,6138,-2845.0,85.51673062500049,,,
mappo,42,63,4200062,6237,-3200.0,86.97229312499985,,,
mappo,42,64,4200063,6336,-2835.0,88.23832466699969,-0.008864234341308475,42.198154830932616,4.218491411209106
mappo,42,65,4200064,6435,-3225.0,89.76477587500085,,,
mappo,42,66,4200065,6534,-2245.0,91.23287270800029,,,
mappo,42,67,4200066,6633,-3145.0,92.62142079200021,,,
mappo,42,68,4200067,6732,-2355.0,94.11415837499953,-0.009089463204145432,36.14091730117798,4.228740406036377
mappo,42,69,4200068,6831,-2195.0,95.79768295800022,,,
mappo,42,70,4200069,6930,-2315.0,97.06639512500078,,,
mappo,42,71,4200070,7029,-2375.0,98.13680554200073,,,
mappo,42,72,4200071,7128,-1265.0,99.39388691699969,-0.009515695888694609,31.45013666152954,4.163950896263122
mappo,42,73,4200072,7227,-2585.0,100.5423360420009,,,
mappo,42,74,4200073,7326,-3300.0,101.7006032499994,,,
mappo,42,75,4200074,7425,-2605.0,103.00644254200051,,,
mappo,42,76,4200075,7524,-2850.0,104.40758170800109,-0.010708338022232056,42.89623336791992,4.097101211547852
mappo,42,77,4200076,7623,-5625.0,105.89242462500079,,,
mappo,42,78,4200077,7722,-1085.0,107.33105987499948,,,
mappo,42,79,4200078,7821,-3240.0,108.76459879200047,,,
mappo,42,80,4200079,7920,-3335.0,110.05671699999948,-0.009863703441806138,70.7375280380249,4.181414985656739
mappo,42,81,4200080,8019,-2475.0,111.6809727079999,,,
mappo,42,82,4200081,8118,-2700.0,113.28279583299991,,,
mappo,42,83,4200082,8217,-1870.0,114.69263212499936,,,
mappo,42,84,4200083,8316,-2515.0,116.12757262500054,-0.010424365010112523,40.57814893722534,4.215213775634766
mappo,42,85,4200084,8415,-1630.0,117.81534079199992,,,
mappo,42,86,4200085,8514,-1815.0,119.06329804199959,,,
mappo,42,87,4200086,8613,-2610.0,120.77940116699938,,,
mappo,42,88,4200087,8712,-2355.0,121.81304529199952,-0.011045697797089814,30.045877838134764,4.169072842597961
mappo,42,89,4200088,8811,-2375.0,123.09335804200055,,,
mappo,42,90,4200089,8910,-2735.0,124.1240821249994,,,
mappo,42,91,4200090,9009,-1185.0,125.57513991700034,,,
mappo,42,92,4200091,9108,-3580.0,126.76721770800032,-0.010111412033438683,46.65937690734863,4.070592451095581
mappo,42,93,4200092,9207,-2235.0,128.3789081670002,,,
mappo,42,94,4200093,9306,-2575.0,129.54508904199974,,,
mappo,42,95,4200094,9405,-1610.0,130.65941833299985,,,
mappo,42,96,4200095,9504,-1335.0,132.3007754169994,-0.008719522203318775,30.50131483078003,4.223726058006287
mappo,42,97,4200096,9603,-3855.0,133.73328491699976,,,
mappo,42,98,4200097,9702,-3980.0,135.12793133299965,,,
mappo,42,99,4200098,9801,-1680.0,136.2717889579999,,,
mappo,42,100,4200099,9900,-1520.0,137.37185350000073,-0.010067480895668269,53.29960536956787,4.1560218811035154
mappo,42,101,4200100,9999,-1580.0,138.44293658300012,,,
mappo,42,102,4200101,10098,-2225.0,139.86775558299996,,,
mappo,42,103,4200102,10197,-1800.0,141.1085272500004,,,
mappo,42,104,4200103,10296,-2385.0,142.37442704200112,-0.010497696383390575,27.950650453567505,4.121537351608277
mappo,42,105,4200104,10395,-2530.0,143.54821020800046,,,
mappo,42,106,4200105,10494,-3150.0,144.82845841699964,,,
mappo,42,107,4200106,10593,-1980.0,146.22975520799992,,,
mappo,42,108,4200107,10692,-3575.0,147.60946350000086,-0.011992677248781548,42.54664421081543,4.164110827445984
mappo,42,109,4200108,10791,-1610.0,149.00300091700046,,,
mappo,42,110,4200109,10890,-2235.0,150.47728966700015,,,
mappo,42,111,4200110,10989,-3120.0,151.76867437500005,,,
mappo,42,112,4200111,11088,-1575.0,153.26780616699943,-0.009809434390626847,30.687666368484496,4.148026728630066
mappo,42,113,4200112,11187,-3440.0,154.44677641700036,,,
mappo,42,114,4200113,11286,-2430.0,155.60805941699982,,,
mappo,42,115,4200114,11385,-2800.0,157.02512804199978,,,
mappo,42,116,4200115,11484,-3460.0,158.21119366700077,-0.011860792175866663,56.220695877075194,4.076292514801025
mappo,42,117,4200116,11583,-2770.0,159.53136362499936,,,
mappo,42,118,4200117,11682,-2415.0,161.02120945800016,,,
mappo,42,119,4200118,11781,-2020.0,162.2929003749996,,,
mappo,42,120,4200119,11880,-3625.0,163.58442900000045,-0.010025045135989785,42.594421195983884,4.104541444778443
mappo,42,121,4200120,11979,-3255.0,165.31186312499995,,,
mappo,42,122,4200121,12078,-3965.0,166.8229181250008,,,
mappo,42,123,4200122,12177,-1420.0,168.34904741699938,,,
mappo,42,124,4200123,12276,-2310.0,169.57613458299966,-0.011760994186624884,50.88503437042236,4.131288528442383
mappo,42,125,4200124,12375,-3715.0,171.0069714170004,,,
mappo,42,126,4200125,12474,-970.0,172.13426891699964,,,
mappo,42,127,4200126,12573,-3415.0,173.47174525000082,,,
mappo,42,128,4200127,12672,-3435.0,174.9544891250007,-0.012573837215313688,60.772999954223636,4.071424555778504
mappo,42,129,4200128,12771,-2135.0,176.51671029200043,,,
mappo,42,130,4200129,12870,-2660.0,178.19489000000067,,,
mappo,42,131,4200130,12969,-1700.0,179.83510966699941,,,
mappo,42,132,4200131,13068,-1960.0,181.098308042001,-0.009596460568718612,45.93866968154907,4.163579797744751
mappo,42,133,4200132,13167,-1475.0,182.40566841700092,,,
mappo,42,134,4200133,13266,-2860.0,183.74575812500007,,,
mappo,42,135,4200134,13365,-3490.0,185.5075056250007,,,
mappo,42,136,4200135,13464,-2995.0,186.95850537499973,-0.012324575521051883,50.619149398803714,4.13647608757019
mappo,42,137,4200136,13563,-2680.0,188.2342605419999,,,
mappo,42,138,4200137,13662,-2075.0,189.4038618329996,,,
mappo,42,139,4200138,13761,-2275.0,190.44523870800003,,,
mappo,42,140,4200139,13860,-3820.0,191.81699450000087,-0.009235443631769157,45.522028255462644,4.053382396697998
mappo,42,141,4200140,13959,-2075.0,193.06959016700057,,,
mappo,42,142,4200141,14058,-2225.0,194.6468525420005,,,
mappo,42,143,4200142,14157,-2200.0,195.71656212500056,,,
mappo,42,144,4200143,14256,-3565.0,197.02337120800075,-0.009459951939061285,49.01091928482056,4.062496972084046
mappo,42,145,4200144,14355,-2175.0,198.27929012499953,,,
mappo,42,146,4200145,14454,-1860.0,199.53649874999974,,,
mappo,42,147,4200146,14553,-2615.0,201.13069895800072,,,
mappo,42,148,4200147,14652,-3115.0,202.43094329199994,-0.010535453259944916,41.34040613174439,4.095685577392578
mappo,42,149,4200148,14751,-1995.0,203.68230383300033,,,
mappo,42,150,4200149,14850,-4075.0,205.0839030420011,,,
mappo,42,151,4200150,14949,-1325.0,206.24945562500034,,,
mappo,42,152,4200151,15048,-2360.0,207.54176800000096,-0.009824945079162716,52.33371353149414,4.076682209968567
mappo,42,153,4200152,15147,-4985.0,209.07998450000014,,,
mappo,42,154,4200153,15246,-2320.0,210.44913124999948,,,
mappo,42,155,4200154,15345,-2925.0,211.83707054200022,,,
mappo,42,156,4200155,15444,-2735.0,213.13193004200002,-0.011623996117850765,64.71193885803223,4.048638105392456
mappo,42,157,4200156,15543,-1680.0,214.4846602079997,,,
mappo,42,158,4200157,15642,-1815.0,215.77029162500003,,,
mappo,42,159,4200158,15741,-3380.0,217.24660158299957,,,
mappo,42,160,4200159,15840,-2850.0,218.49373087499953,-0.011222802195698022,45.44160766601563,4.050340962409973
mappo,42,161,4200160,15939,-1470.0,219.81651420799972,,,
mappo,42,162,4200161,16038,-1990.0,221.07791270800044,,,
mappo,42,163,4200162,16137,-4890.0,222.50775025000075,,,
mappo,42,164,4200163,16236,-2065.0,223.51367783299975,-0.013093693286646158,54.075453186035155,3.9709921717643737
mappo,42,165,4200164,16335,-1685.0,224.97661154200068,,,
mappo,42,166,4200165,16434,-1450.0,226.43300904200078,,,
mappo,42,167,4200166,16533,-2605.0,227.85679470800096,,,
mappo,42,168,4200167,16632,-1580.0,229.34861012500005,-0.013647984364069998,40.96856775283813,4.054391312599182
mappo,42,169,4200168,16731,-1730.0,230.7424825420003,,,
mappo,42,170,4200169,16830,-2980.0,231.8926632920011,,,
mappo,42,171,4200170,16929,-1805.0,233.36215712500052,,,
mappo,42,172,4200171,17028,-2180.0,234.75122483300038,-0.0102375116199255,45.24688186645508,3.9797786593437197
mappo,42,173,4200172,17127,-1350.0,236.2946334999997,,,
mappo,42,174,4200173,17226,-4120.0,237.59615674999986,,,
mappo,42,175,4200174,17325,-1960.0,238.539824417001,,,
mappo,42,176,4200175,17424,-4535.0,239.9635428750007,-0.01334118510130793,60.57068557739258,3.9699377179145814
mappo,42,177,4200176,17523,-2465.0,241.39797191700018,,,
mappo,42,178,4200177,17622,-2215.0,242.74880716699954,,,
mappo,42,179,4200178,17721,-1835.0,244.13718316700033,,,
mappo,42,180,4200179,17820,-2370.0,245.15889979200074,-0.01082599051296711,35.55466547012329,3.946302556991577
mappo,42,181,4200180,17919,-2455.0,246.60198695799954,,,
mappo,42,182,4200181,18018,-1405.0,247.56141187499998,,,
mappo,42,183,4200182,18117,-2010.0,249.236472083001,,,
mappo,42,184,4200183,18216,-2650.0,250.39858099999947,-0.010561044421046972,54.92738056182861,3.964074635505676
mappo,42,185,4200184,18315,-2760.0,251.6323097500008,,,
mappo,42,186,4200185,18414,-2000.0,252.81661508300022,,,
mappo,42,187,4200186,18513,-1365.0,254.069364125,,,
mappo,42,188,4200187,18612,-1890.0,255.51512145800007,-0.011248720390722156,36.75649642944336,3.87875497341156
mappo,42,189,4200188,18711,-2545.0,256.91082783300044,,,
mappo,42,190,4200189,18810,-2755.0,258.3215367920002,,,
mappo,42,191,4200190,18909,-1715.0,259.7719120420006,,,
mappo,42,192,4200191,19008,-1695.0,261.1832049170007,-0.01168880999321118,36.56201009750366,3.970316743850708
mappo,42,193,4200192,19107,-3815.0,262.8668132920011,,,
mappo,42,194,4200193,19206,-2250.0,264.0531684580001,,,
mappo,42,195,4200194,19305,-2055.0,265.5637877499994,,,
mappo,42,196,4200195,19404,-1445.0,267.06230066699936,-0.012793669640086592,56.15843391418457,4.011055052280426
mappo,42,197,4200196,19503,-2590.0,268.4393602079999,,,
mappo,42,198,4200197,19602,-2530.0,269.82799850000083,,,
mappo,42,199,4200198,19701,-3455.0,271.35860675000004,,,
mappo,42,200,4200199,19800,-2785.0,272.7524705420001,-0.012280192623438779,42.420952796936035,3.956730103492737
